EquipmentPropertyAssignmentID,EquipmentID,ProcessSegmentID,EquipmentPropertyID,SamplingMode,SamplingIntervalSeconds
EPA-001,EQ-MIX-01,BREAD-750G-MIX,EP-MIX-CUR,Periodic,5
EPA-002,EQ-MIX-01,BREAD-750G-MIX,EP-MIX-VISC,Periodic,10
EPA-003,EQ-MIX-01,BREAD-750G-MIX,EP-MIX-TORQ,Periodic,5
EPA-004,EQ-OVEN-01,BREAD-750G-BAKE,EP-OVEN-TEMP,Periodic,5
EPA-005,EQ-OVEN-01,BREAD-750G-BAKE,EP-OVEN-HUM,Periodic,10
EPA-006,EQ-OVEN-01,BREAD-750G-BAKE,EP-OVEN-PWR,Periodic,5
EPA-007,EQ-MIX-01,BREAD-750G-MIX,EP-VIB,Periodic,5
EPA-008,EQ-OVEN-01,BREAD-750G-BAKE,EP-VIB,Periodic,5
EPA-009,EQ-OVEN-01,BREAD-750G-BAKE,EP-CTRL,Periodic,5
