Enterprise,Site,Area,Work Center,Work Unit,Process Cell,Unit,Production Line,Production Unit,Work Cell,Storage Zone,Storage Unit
FINEBAKERY,PLANT01MUNICH,BAKING-MUNICH,WCenter1,WUnit1,ProcessCellMUNICH,Unit1,LINE-01,PUnitMUNICH,EQ-MIX-01,StorageZoneMUNICH,StorageUnit1
FINEBAKERY,PLANT01MUNICH,BAKING-MUNICH,WCenter1,WUnit1,ProcessCellMUNICH,Unit1,LINE-01,PUnitMUNICH,EQ-OVEN-01,StorageZoneMUNICH,StorageUnit2
FINEBAKERY,PLANT01MUNICH,BAKING-MUNICH,WCenter1,WUnit1,ProcessCellMUNICH,Unit1,LINE-01,PUnitMUNICH,EQ-PACKAGE-01,StorageZoneMUNICH,StorageUnit3
FINEBAKERY,PLANT02VIENNA,BAKING-VIENNA,WCenter2,WUnit2,ProcessCellVIENNA,Unit2,LINE-02,PUnitVIENNA,EQ-MIX-02,StorageZoneVIENNA,StorageUnit1
FINEBAKERY,PLANT02VIENNA,BAKING-VIENNA,WCenter2,WUnit2,ProcessCellVIENNA,Unit2,LINE-02,PUnitVIENNA,EQ-OVEN-02,StorageZoneVIENNA,StorageUnit2
FINEBAKERY,PLANT02VIENNA,BAKING-VIENNA,WCenter2,WUnit2,ProcessCellVIENNA,Unit2,LINE-02,PUnitVIENNA,EQ-PACKAGE-02,StorageZoneVIENNA,StorageUnit3
FINEBAKERY,PLANT03FRA,BAKING-FRA,WCenter3,WUnit3,ProcessCellFRA,Unit3,LINE-03,PUnitFRA,EQ-MIX-03,StorageZoneFRA,StorageUnit1
FINEBAKERY,PLANT03FRA,BAKING-FRA,WCenter3,WUnit3,ProcessCellFRA,Unit3,LINE-03,PUnitFRA,EQ-OVEN-03,StorageZoneFRA,StorageUnit2
FINEBAKERY,PLANT03FRA,BAKING-FRA,WCenter3,WUnit3,ProcessCellFRA,Unit3,LINE-03,PUnitFRA,EQ-PACKAGE-03,StorageZoneFRA,StorageUnit3
