LineEquipmentID,LineID,EquipmentID,Role,Sequence,PlantID
LE-001,LINE-01,EQ-MIX-01,Primary,10,PLANT01MUNICH
LE-002,LINE-01,EQ-OVEN-01,Primary,20,PLANT01MUNICH
LE-003,LINE-01,EQ-PACKAGE-01,Primary,30,PLANT01MUNICH
LE-004,LINE-02,EQ-MIX-02,Primary,10,PLANT02VIENNA
LE-005,LINE-02,EQ-OVEN-02,Primary,20,PLANT02VIENNA
LE-006,LINE-02,EQ-PACKAGE-02,Primary,30,PLANT02VIENNA
LE-007,LINE-03,EQ-MIX-03,Primary,10,PLANT03FRA
LE-008,LINE-03,EQ-OVEN-03,Primary,20,PLANT03FRA
LE-009,LINE-03,EQ-PACKAGE-03,Primary,30,PLANT03FRA
